{
  "ast": {
    "stego_image_path": "user_data\\ast\\stego_image.png",
    "secret_coordinates": {
      "x": 0.49684873949579833,
      "y": 0.17527173913043478
    },
    "decoy_images": [
      "images\\dc6525d46cf733298f0888ab2ab0c556.jpg",
      "images\\22060.jpg",
      "images\\ark1.jpg",
      "images\\pic 12.jpg",
      "images\\nilou-genshin-impact-4k-thumb.jpg",
      "images\\pic 13.jpg",
      "images\\3c76f487051a19b6a510917a7bfde118.jpg",
      "images\\4d8bce705200238bf27710f2f6887f49.jpg",
      "images\\b59b1b2cf1252e7f7b1c4646c4514a15.jpg",
      "images\\oldboy-japanese-digital-art-artwork-wallpaper-thumb.jpg",
      "images\\c2e89e24a46dc6fc91ebb104c29cf9f8.jpg",
      "images\\cat.png",
      "images\\0090d99dbe53ccbea65858bcc004daf0_816980577109804612.jpeg",
      "images\\fdd1042497faa9e66b588f1d22229ad8.jpg",
      "images\\pic 18.jpg",
      "images\\pic 16.jpg",
      "images\\c48abde00c059ba47f37718c5ceea20b.jpg",
      "images\\ca59eca6e377095e54afef5d2fc1ac11.jpg",
      "images\\pic 19.jpg"
    ]
  }
}